model,label,precision,recall,f1_score,support
logistic_regression_smote,0,0.9234234234234234,0.8299595141700404,0.8742004264392325,247.0
logistic_regression_smote,1,0.4166666666666667,0.6382978723404256,0.5042016806722689,47.0
logistic_regression_smote,macro avg,0.670045045045045,0.734128693255233,0.6892010535557507,294.0
logistic_regression_smote,weighted avg,0.8424112888398603,0.7993197278911565,0.8150509670819288,294.0
logistic_regression_no_smote,0,0.8892988929889298,0.9757085020242915,0.9305019305019305,247.0
logistic_regression_no_smote,1,0.7391304347826086,0.3617021276595745,0.4857142857142857,47.0
logistic_regression_no_smote,macro avg,0.8142146638857692,0.668705314841933,0.7081081081081081,294.0
logistic_regression_no_smote,weighted avg,0.8652923707586677,0.8775510204081632,0.8593964226617288,294.0
