threshold,false_negatives,false_positives,total_cost
0.05,5,197,222.0
0.1,6,168,198.0
0.15,6,141,171.0
0.2,7,117,152.0
0.25,9,101,146.0
0.3,9,85,130.0
0.35,9,73,118.0
0.39999999999999997,12,66,126.0
0.44999999999999996,14,53,123.0
0.49999999999999994,17,42,127.0
0.5499999999999999,18,39,129.0
0.6,19,29,124.0
0.65,22,24,134.0
0.7,24,21,141.0
0.75,26,17,147.0
0.7999999999999999,29,11,156.0
0.85,31,7,162.0
0.9,36,1,181.0
0.95,42,0,210.0
